Cod,title_en,title_fr
,,
PALLETS-002,Heat treated Pallet,FR - Heat treated Pallet
PALLETS-003,Pallet Covers - Insulated,FR - Pallet Covers - Insulated
PBOTT001,Glass Amber PP28 Syrup 150ml,FR - Glass Amber PP28 Syrup 150ml
PBOTT003,Bottle Glass Amber,FR - Bottle Glass Amber
PBOTT004,Glass Amber PP28 Syrup 250ml,FR - Glass Amber PP28 Syrup 250ml
PBOTT007,Bottle Plastic Cobalt Blue,FR - Bottle Plastic Cobalt Blue
PBOTT008,Bottle Plastic Amber,FR - Bottle Plastic Amber
PBOTT009,Glass Cobalt Blue 250cc,FR - Glass Cobalt Blue 250cc
PBOTT010,Bottle Plastic White,FR - Bottle Plastic White
PBOTT011,Aluminum repack bottles-1200ml,FR - Aluminum repack bottles-1200ml
PBOTT012,Bottle Plastic White,FR - Bottle Plastic White
PBOTT013,Bottle Plastic White,FR - Bottle Plastic White
PBOTT014,Bottle Glass Amber,FR - Bottle Glass Amber
PBOTT015,Bottle Plastic White,FR - Bottle Plastic White
PLABL169,Amazon Label  ECUSTOP01-US,FR - Amazon Label  ECUSTOP01-US
PLABL170,Ready to ship Seal Stickers,FR - Ready to ship Seal Stickers
PLABL171,Labels for FFISO075b120,FR - Labels for FFISO075b120
PLABL173, Labels for E4020E01,FR -  Labels for E4020E01
PLABL174,Labels for E4020L05,FR - Labels for E4020L05
PLABL175,Box label ECUSTOA01-CAN (BACK),FR - Box label ECUSTOA01-CAN (BACK)
PLABL176,Box label ECUSTOP01-CAN (BACK),FR - Box label ECUSTOP01-CAN (BACK)
PLABL177,Box Label ECUSTO*-CAN (FRONT),FR - Box Label ECUSTO*-CAN (FRONT)
PLABL178,Box label ECUSTOL01-CAN (BACK),FR - Box label ECUSTOL01-CAN (BACK)
PLABL179,Bottle label  ECUSTOL01-CAN,FR - Bottle label  ECUSTOL01-CAN
PLABL180,Bottle label  ECUSTOA01-CAN,FR - Bottle label  ECUSTOA01-CAN
PLABL181,Bottle label  ECUSTOP01-CAN,FR - Bottle label  ECUSTOP01-CAN
PLABL185,Labels for E4020P01,FR - Labels for E4020P01
RALAP001,Alpha Lipoic Acid Powder,FR - Alpha Lipoic Acid Powder
RALDP001,Black Alder Powder,FR - Black Alder Powder
RALGO002,Algae DHA-S 35% Oil,FR - Algae DHA-S 35% Oil
RALGO003,Algal Oil 40% DHA,FR - Algal Oil 40% DHA
RALMO001,Sweet Almond Oil,FR - Sweet Almond Oil
RCODO006,Cod Liver Oil,FR - Cod Liver Oil
RCQ10001,Co Enzyme Q10,FR - Co Enzyme Q10
RFISO001,Fish Oil 100/400EE,FR - Fish Oil 100/400EE
RFISO002,Fish Oil 300/200TG,FR - Fish Oil 300/200TG
RFISO003,Fish Oil 18/12TG,FR - Fish Oil 18/12TG
RFISO004,Fish Oil 300/200EE,FR - Fish Oil 300/200EE
RFISO005,Fish Oil 400/200EE,FR - Fish Oil 400/200EE
