#,Cod,Title EN,Title FR
2251,PALLETS-001,Plastic Pallets Charge,PACK
2252,PALLETS-002,Heat treated Pallet,PACK
2257,PALLETS-003,Pallet Covers - Insulated,PACK
2262,PBOTT001,Glass Amber PP28 Syrup 150ml,PACK
2267,PBOTT001SUPPLIED,Providing Bottle Glass Amber,PACK
2271,PBOTT002,Bottle Plastic Dark Amber,PACK
2276,PBOTT003,Bottle Glass Amber,PACK
2281,PBOTT004,Glass Amber PP28 Syrup 250ml,PACK
2286,PBOTT005,Glass Cobalt Blue 120ml,PACK
2291,PBOTT006,Bottle Plastic Cobalt Blue,PACK
2296,PBOTT007,Bottle Plastic Cobalt Blue,PACK
2301,PBOTT008,Bottle Plastic Amber,PACK
2306,PBOTT009,Glass Cobalt Blue 250cc,PACK
2311,PBOTT010,Bottle Plastic White,PACK
2316,PBOTT011,Aluminum repack bottles-1200ml,PACK
2321,PBOTT012,Bottle Plastic White,PACK
2326,PBOTT013,Bottle Plastic White,PACK
2330,PBOTT014,Bottle Glass Amber,PACK
2335,PBOTT015,Bottle Plastic White,PACK
2340,PBOTT016,Glass Amber PP28 200ml,PACK
2345,PBOTT017,Bottle Plastic Light Amber,PACK
2350,PBOTT018,Bottle Plastic White,PACK
2355,PBOTT019,Glass Amber PP28 Syrup 500ml,PACK
2360,PBOTT020,Bottle Plastic Brown,PACK
2365,PBOTT021,Glass Amber PP28 Syrup 100ml,PACK
2370,PBOTT022,White HDPE 175CC,PACK
2375,PBOTT023,Bottle Glass Amber,PACK
2380,PBOTT024,Bottle Plastic Clear,PACK
2385,PBOTT025,Bottle Plastic White,PACK
2389,PBOTT026,Bottle Glass Amber,PACK
2394,PBOTT027,Bottle Glass Amber,PACK
2399,PBOTT028,Bottle Glass Amber,PACK
2404,PBOTT029,Jar White 70/400,PACK
2409,PBOTT030,"Modern Round PET, 8oz",PACK
2414,PBOTT031,1oz Glass Amber 20mm,PACK
2419,PBOTT032,Bottle Plastic White,PACK
2424,PBOTT033,Bottle Glass 250ml - Matisse,PACK
2429,PBOTT034,"2oz Boston round, Amber",PACK
2434,PBOTT035,Amber glass bottle  120ml,PACK
2439,PBOTT036,PET  Blue 16oz,PACK
2444,PBOTT037,HDPE 1L 28/410,PACK
2448,PBOTT038,150CC bottle OceanO3,PACK
2453,PBOTT039,1oz amber glass 28mm,PACK
2458,PBOTT040,2oz amber glass 28mm syrup,PACK
2463,PBOTT041,PET  Blue 8oz,PACK
2468,PBOTT042,White 75cc HDPE Round Bottle,PACK
2473,PBOTT043,Syrup 125mL Type 3 Amber,PACK
2478,PBOTT044,SAMPLES BOXES 9 1/4 X 5 X 5,PACK
2483,PBOTT045,Gla .Amber Stoelzle Drop.30mL,PACK
2488,PBOXI001,IP FMAXO001b60,PACK
2493,PBOXI002,IP FMAXO001b120,PACK
2498,PBOXI003,IP FMAXO002b30,PACK
2503,PBOXI004,IP FMAXO002b60,PACK
2507,PBOXI005,Fish Max Ultra 90 Count,PACK
2512,PBOXI006,Individual Box - CUSTO054cp60,PACK
2517,PBOXI007,Individual Box - CUSTO055cp60,PACK
2522,PBOXI008,Individual Box - CUSTO056cp60,PACK
2527,PBOXI009,Individual Box - CUSTO057cp60,PACK
2532,PBOXI011,Individual Box - CUSTO062cp60,PACK
2537,PBOXI012,"CONCORDIX, SISU Boxes",PACK
2542,PBOXI013,CONCORDIX PLACEBO,PACK
2547,PBOXI014,Individual Box - FFISO052B180,PACK
2552,PBOXI015,Individual Box - E1050B01,PACK
2557,PBOXI016,Individual Box - E1050B02,PACK
2562,PBOXI017,Individual Box - E1812X03,PACK
2566,PBOXI018,Individual Box - E1812M04,PACK
2571,PBOXI019,Indiv. Box - E1812X03-US/DIST,PACK
2576,PBOXI020,Indiv. Box - E1812X04,PACK
2581,PBOXI021,Indiv. Box - E1812X04-US/DIST,PACK
2586,PBOXI022,2 oz  reverse tuck-end box,PACK
2591,PBOXI024,Individual Box - FKRLO025b30,PACK
2596,PBOXI025,Individual Box - FKRLO026b30,PACK
2601,PBOXI026,Individual Box - FKRLO027b30,PACK
2606,PBOXI027,Corrugated Tuck indv. box,PACK
2611,PBOXM001,Master Boxe - 12x400cc,PACK
2616,PBOXM002,Box  - 12x150ml,PACK
2621,PBOXM002D,Dividers for Box  - 12x150ml,PACK
2625,PBOXM003,Master Box - 6x120ml/150ml,PACK
2630,PBOXM003D,Dividers for Master Box,PACK
2635,PBOXM003SUPPLIED,Providing Boxes and Dividers,PACK
2640,PBOXM004,Box  - 24x250ml,PACK
2645,PBOXM004D,Dividers for Box  - 24x250ml,PACK
2650,PBOXM005,Master Box - 12x250ml,PACK
2655,PBOXM005D,Dividers for Master Box,PACK
2660,PBOXM006,Box - 24x300cc,PACK
2665,PBOXM006D,Dividers for Box - 24x300cc,PACK
2670,PBOXM007,Master box  - 12x200ml,PACK
2675,PBOXM007D,Dividers for Master Box,PACK
2680,PBOXM008,Master Box - 24x400cc,PACK
2684,PBOXM008D,Dividers for Master Box,PACK
2689,PBOXM009,Master Box - 6x500ml,PACK
2694,PBOXM009D,Dividers for Master Box,PACK
2699,PBOXM010,Inner Master Box,PACK
2704,PBOXM011,Master Box - 12x12x12,PACK
2709,PBOXM012,Master Box - 6x500ml  (BP),PACK
2714,PBOXM012D,Dividers for Master Box (BP),PACK
2719,PBOXM013,Master Box - 6x200ml (BP),PACK
2724,PBOXM013D,Dividers for Master Box (BP),PACK
2729,PBOXM014,Master Box from Supplier,PACK
2734,PBOXM015,"Master Box, 48 bottles 120cc",PACK
2739,PBOXM016,Box - 6x250ml,PACK
2743,PBOXM016D,Dividers for Box- 6x250ml,PACK
2748,PBOXM017,Master Box Bath Beads,PACK
2753,PBOXM018,Box Bath Beads (2 bags of 50),PACK
2758,PBOXM019,Master shipper for 2oz.,PACK
2763,PBOXM020,Master Box - 12 x 300cc,PACK
2768,PBOXM020D,Divider for Master Box,PACK
2773,PBOXM021,Master Box - 12x500cc,PACK
2778,PBOXM022,13 1/2 x 12 3/4 x 12 3/4 Box,PACK
2783,PBOXM023,"Master Box, 48 bottles 2oz",PACK
2788,PBOXM024,Master Box 60 count,PACK
2793,PBOXM024P,Pad for 60 count box,PACK
2798,PBOXM025,Master Box 35 x 1 oz,PACK
2802,PBOXM026,Master Box 10.8 X 7.2 X 11.25,PACK
2807,PBOXM027,Master Box 10.2 X 8.7 X 8.7,PACK
2812,PBOXM028,Master Box 200x12,PACK
2817,PBOXM028D,Dividers 200x12,PACK
2822,PBOXM029,"12 x 9 x 4"" Corrugated Boxes",PACK
2827,PBOXM030,"10 x 8 x 4"" Corrugated Boxes",PACK
2832,PBOXM031,Master Box E1812X03 6*16oz,PACK
2837,PBOXM032,Master Box ECAMO003,PACK
2842,PBOXM032D,Dividers for ECAMO003,PACK
2847,PBOXM033,Master Box FFISO060b60,PACK
2852,PBOXM034,Master Box FFISO060b120,PACK
2857,PBOXM035,Master Box FFISO060b240,PACK
2861,PBOXM036,Master Box E1812M04,PACK
2866,PBOXM037,Master Box FBORO002B90,PACK
2871,PBOXM038,Master Box 6 X 200ml,PACK
2876,PBOXM038D,Dividers 6 X 200ml,PACK
2881,PBOXM039,Master Box Neptune for bulk,PACK
2886,PBOXM040,Master Box 12 x 8oz,PACK
2891,PBOXM041,Master Box Case (6x60ml),PACK
2896,PBOXM042,Master box case (6x1.8L),PACK
2901,PBOXM043,12X 75cc btls per master case,PACK
2906,PBOXM044,Master box,PACK
2916,PBOXM045D,Dividers for PBOXM045,PACK
2920,PBOXMISC,BOX MISC,PACK
2925,PBOXS001,Sirio Boxes,PACK
2930,PBTTA001,Bottle Trimspa Aluminum,PACK
2935,PCAPS001,Cap White Plastic 45/400,PACK
2940,PCAPS003,Cap Metal 24/400,PACK
2945,PCAPS005,Cap White Metal & Plastic,PACK
2950,PCAPS006,Cap 24/200 Black Phenolic,PACK
2955,PCAPS007,"Cap 24mm Pewter, TS-33 Liner",PACK
2960,PCAPS008,Cap Yelllow Metal Ribbed 38mm,PACK
2965,PCAPS009,Cap Yellow Plastic Ribbed 45mm,PACK
2970,PCAPS010,"Cap, White 45-400 Ribbed",PACK
2975,PCAPS011,Cap for Alum.repack btl-1200ml,PACK
2979,PCAPS012,J-Caps,PACK
2984,PCAPS013,Cap White Plastic  53/400,PACK
2989,PCAPS014,Cap Black Plastic 28-400,PACK
2994,PCAPS015,Cap White Plastic 38-400,PACK
2999,PCAPS016,"Cap White Plastic, 45/400",PACK
3004,PCAPS017,Cap White Plastic 750cc,PACK
3009,PCAPS018,Cap Black Phenolic Plastic,PACK
3014,PCAPS019,Cap White 28mm,PACK
3019,PCAPS020,Cap Black Phenolic 24/400 cone,PACK
3024,PCAPS021,Cap Blue Plastic 45-400,PACK
3029,PCAPS022,CRC - White Cap 38-400,PACK
3034,PCAPS023,Cap Plastic Green PP 38-400,PACK
3038,PCAPS024,Cap Plastic Red PP 38-400,PACK
3043,PCAPS025,Cap Plastic White 20-400,PACK
3048,PCAPS026,Cap Plastic White 24-400,PACK
3053,PCAPS027,Cap Plastic White 24-400,PACK
3058,PCAPS028,Cap Plastic 70mm White,PACK
3063,PCAPS029,Cap white PET 24-410,PACK
3068,PCAPS030,White Plastic cap,PACK
3073,PCAPS031,Black Dropper,PACK
3078,PCAPS032,Cap Plastic White,PACK
3083,PCAPS033,Aluminum Cap 31.5mmPP,PACK
3088,PCAPS034,38-400 Foil liner,PACK
3093,PCAPS035,20-400mm Black Phenolic W/Cone,PACK
3097,PCAPS036,"Safeseal - Plastic 2""",PACK
3102,PCAPS037,"Safeseal - Plastic 3/4""",PACK
3107,PCAPS038,22-400mm Black Phenolic W/Cone,PACK
3112,PCAPS039,Cap Black Plastic 45/400,PACK
3117,PCAPS040,24/410 RIBBED CT BLACK SG-90,PACK
3122,PCAPS041,Black disc top cap 24/410,PACK
3127,PCAPS042,"28/410 White ribbed caps, ind.",PACK
3132,PCAPS043,"38-400 grey cap, heat seal",PACK
3137,PCAPS044,Cap PP28 T/E white HDPE,PACK
3142,PCAPS045,Press in adapters,PACK
3147,PCAPS046,3ml Bulk Pack Pharmacy Syringe,PACK
3152,PCAPS047,33mm - 400 White Ribbed caps,PACK
3156,PCAPS048,White 18mm Stoelzle,PACK
3161,PDESI001,2 Unit Gel Pack,PACK
3166,PDESS001,Aroma Can Lemon Scent,PACK
3171,PDESS002,Dessicant - 1.0g,PACK
3176,PDESS003,Dessicant - 2.0g,PACK
3181,PDESS004,"2 in 1, 1 gram Canister",PACK
3186,PDESS005,2 Gram Carbon PillowPak,PACK
3191,PDESS006,Sorb.Canister w activ. carbon,PACK
3195,PDROP001,1cc HDPE graduated dropper,PACK
3200,PJUGW001,"White HDPE Jug,4L  1.06 US gal",PACK
3210,PLABELSQC,QUARANTINE LABEL,PACK
3214,PLABL004,Label - Fish Smart Ultra,PACK
3219,PLABL005,Label - FFISO021B120,PACK
3224,PLABL006,Label - Sealogix Omega 3,PACK
3229,PLABL016,Label - Organic Flax Seed,PACK
3234,PLABL021,Label - ECODOL01,PACK
3239,PLABL022,Label - E1812L01,PACK
3244,PLABL023,Label for item FSALO001p270,PACK
3249,PLABL024,Label for item FSALO001p120,PACK
3254,PLABL028,Label - FFISO026bp60,PACK
3259,PLABL029,Label - E0560R01,PACK
3264,PLABL030,Label - E1812L03,PACK
3269,PLABL032,Label - GXTUNO01B180,PACK
3273,PLABL033,Label - GXTUNO01B181,PACK
3278,PLABL035,Label - EPROGO05,PACK
3283,PLABL036,Label -EPROGO01,PACK
3288,PLABL037,Label - EPROGO02,PACK
3293,PLABL038,Label - EPROGO03,PACK
3298,PLABL039,Label - EPROGO04,PACK
3303,PLABL040,Label - ATP  Nat. Lemon Flav.,PACK
3308,PLABL041,Label E1812L04,PACK
3313,PLABL043,Label -E0560O01 NeurOmega Kids,PACK
3318,PLABL044,"LABEL, Lipidrium, CLA +",PACK
3323,PLABL045,Label - E1812R01,PACK
3328,PLABL045TR,Label - Nat Raspberry-Lemonade,PACK
3332,PLABL045TRFX,"LABEL, Nat Raspberry-Lemonade",PACK
3337,PLABL045TROS,"LABEL, Nat Raspberry-Lemonade",PACK
3342,PLABL045US,Label - Nat Raspberry-Lemonade,PACK
3347,PLABL046,Label - E1812T01,PACK
3352,PLABL046US,Label - Nat Tangerine-Lime,PACK
3357,PLABL047,Label - Sealogix 8oz 237 ml,PACK
3362,PLABL048,Label - EPROGO06,PACK
3367,PLABL049,Label - Garlic Odourless,PACK
3372,PLABL050,Label - E4020T03,PACK
3377,PLABL051,Label - E1812T03,PACK
3382,PLABL051US,Label - Nat Tangerine-Lime,PACK
3387,PLABL052,Label - SeaLicious R/L 500ml,PACK
3391,PLABL052US,Label - Nat Raspberry-Lemonade,PACK
3396,PLABL053,Label - Nat Tropical Burst,PACK
3401,PLABL053TR,Label - Nat Tropical Burst,PACK
3406,PLABL053US,Label - Nat Tropical Burst,PACK
3411,PLABL054,Label - Nat Tropical Burst,PACK
3416,PLABL054US,Label - Nat Tropical Burst,PACK
3421,PLABL055,Label - 400/200 Orange Lime,PACK
3426,PLABL056,Label -  Camelina Vegetable,PACK
3431,PLABL057,Label -Camelina Seed Oil 250ml,PACK
3436,PLABL058,Label - Chewy Cream Orange,PACK
3441,PLABL059,Label - Nat Cotton Candy 250ml,PACK
3446,PLABL060,Label - E4020C01,PACK
3450,PLABL061,Label - E4020R01,PACK
3455,PLABL062,"LABEL, GLA Skinsmart Oil",PACK
3460,PLABL062US,"LABEL, GLA Skinsmart Oil",PACK
3465,PLABL063,Label - GLA Skinsmart 1000mg,PACK
3470,PLABL064,Label - FEPOO006B90,PACK
3475,PLABL065,Label - FEPOO006B91 (USA),PACK
3480,PLABL066,Label-Evening Primrose Oil ITA,PACK
3485,PLABL067,Label - EPROGO07,PACK
3490,PLABL068,Label - 400/200 EE,PACK
3495,PLABL069,"LABEL, E1812P01S",PACK
3500,PLABL070,"LABEL, E1812C03",PACK
3505,PLABL071,Label for 4L Jug,PACK
3509,PLABL072,"LABEL, Nat Maple 25ml",PACK
3514,PLABL073,"LABEL, Nat Maple 250ml",PACK
3519,PLABL074,"LABEL, E1812M03",PACK
3524,PLABL075,LBL for E1812X01  2oz pet,PACK
3529,PLABL076,LBL for E1812X02  8oz Pet,PACK
3534,PLABL077,LBL for G1040O07p120,PACK
3539,PLABL078,Label for FBORO002B90,PACK
3544,PLABL079,Label E0560O02 NeurOmega Adult,PACK
3549,PLABL080,Label for FFISO057B120,PACK
3554,PLABL080-OM,Lid sticker FFISO057B120,PACK
3559,PLABL081,Label for FFISO057B60,PACK
3564,PLABL081-OS,Lid sticker FFISO057B60,PACK
3568,PLABL082,Label for FFISO057B61US,PACK
3573,PLABL082-USOS,Lid sticker for FFISO057B61us,PACK
3578,PLABL083,Label for CLINICAL3,PACK
3583,PLABL083-P,Label for CLINICAL4,PACK
3588,PLABL084,Label for FFISO058BC60,PACK
3593,PLABL084-OM,Lid sticker for FFISO058BC60,PACK
3598,PLABL085,Label for FFISO058BC30,PACK
3603,PLABL085-OS,Lid sticker for FFISO058BC30,PACK
3608,PLABL086,"LABEL, Nat Cotton Candy 25ml",PACK
3613,PLABL087,Label for FFISO060B60,PACK
3618,PLABL088,Label for FFISO060B120,PACK
3623,PLABL089,Label for FFISO060B240,PACK
3627,PLABL090,Label for FFISO061B60,PACK
3632,PLABL091,Label for FFISO061B120,PACK
3637,PLABL091-US,Label for FFISO061B120-US,PACK
3642,PLABL092,Label for FFISO061B240,PACK
3647,PLABL093,Label for FFISO062BC60,PACK
3652,PLABL094,Label for FFISO062BC120,PACK
3657,PLABL095,Large Lid sticker Genuine,PACK
3662,PLABL096,Label for E1050C01,PACK
3667,PLABL097,Labels for EPROGO08,PACK
3672,PLABL098,Labels for EPROGO09,PACK
3677,PLABL099,Labels for FMAXO001b60,PACK
3682,PLABL100,Labels for FMAXO001b120,PACK
3686,PLABL101,Labels for FMAXO002b30,PACK
3691,PLABL102,Labels for FMAXO002b60,PACK
3696,PLABL103,Label - EPROGO08s,PACK
3701,PLABL104,Small Lid sticker Genuine,PACK
3706,PLABL104-US,Small Lid sticker Genuine,PACK
3711,PLABL105,Medium Lid sticker Genuine,PACK
3716,PLABL105-US,Medium Lid sticker Genuine,PACK
3721,PLABL106,Labels for E1050B01,PACK
3726,PLABL107,Labels for E1050B02,PACK
3731,PLABL108,Labels for E1812L05WN,PACK
3736,PLABL109,Labels for E1812L06WN,PACK
3741,PLABL110,Labels for E1812C04WN,PACK
3745,PLABL111,Labels for E1812G01WN,PACK
3750,PLABL112,Labels for E1812L07WN,PACK
3755,PLABL113,Labels for E1812L05WN-US,PACK
3760,PLABL114,Labels for E1812G01WN-US,PACK
3765,PLABL115,Labels for E1812C04WN-US,PACK
3770,PLABL116,Labels for E4020L03WN-US,PACK
3775,PLABL117,Labels for E1812L06WN-US,PACK
3780,PLABL118,Label for E1812X03 16oz Pet,PACK
3785,PLABL119,Label for E1050L01,PACK
3790,PLABL120,Warning stickers,PACK
3795,PLABL121,Label for E1812X03-US,PACK
3800,PLABL122,Amazon Label for E1812X03-US,PACK
3804,PLABL123,Label for E1812M04,PACK
3809,PLABL124,Label for FVDCO005P360,PACK
3814,PLABL125,Label for E1812L09,PACK
3819,PLABL126,Label for E1812A01,PACK
3824,PLABL127,Label for E1812P04,PACK
3829,PLABL128,Label for CUSTO112B60,PACK
3834,PLABL129,Label for FKRLO019B60,PACK
3839,PLABL130,Label for OceanO31000mg30,PACK
3844,PLABL131,Clear round label seals,PACK
3849,PLABL132,Label for E1812O02,PACK
3854,PLABL133,Label for EFLAXO01,PACK
3859,PLABL134,Label for E1812X04,PACK
3863,PLABL135,Label for E1812X04-US/DIST,PACK
3868,PLABL136,Amazon Label for E1812X04-US,PACK
3873,PLABL137,Label  E1812C06 Nat.CranMang,PACK
3878,PLABL138,WARNING- UNDER COVER,PACK
3883,PLABL139,LABEL E4020O01 ORANGE VANILLA,PACK
3888,PLABL140,Label - E1812L10,PACK
3893,PLABL141,Label - E1812L11,PACK
3898,PLABL142,LABEL E4020A01 GREEN APPLE,PACK
3903,PLABL143,Label for VPTFOP01,PACK
3908,PLABL144,Label for VPROTV01,PACK
3913,PLABL145,Labels for E1050B03,PACK
3918,PLABL146,Label - ECUSTOC01,PACK
3922,PLABL147,Label - FKRLO019B30,PACK
3927,PLABL149,Label - FKRLO024b15,PACK
3932,PLABL150,Label - FKRLO024b30,PACK
3937,PLABL151,Labels for (ECAMO004),PACK
3942,PLABL152,Label - FKRLO023F60,PACK
3947,PLABL153,Label - FKRLO023F61,PACK
3952,PLABL154,Label - FKRLO023F62,PACK
3957,PLABL155,Labels for VPROTB01,PACK
3962,PLABL156,Labels for E1812T01s,PACK
3967,PLABL157,Labels for E1812L09-LVHS,PACK
3972,PLABL158,Labels for E1812P04-LVHS,PACK
3977,PLABL159,Labels for (FKRLO025b30),PACK
3981,PLABL160,Labels for (FKRLO026b30),PACK
3986,PLABL161,Labels (FKRLO027b30),PACK
3991,PLABL162, Labels for (E4020L04),PACK
3996,PLABL164,Bottle label ECUSTOA01-US,PACK
4001,PLABL165,Bottle label ECUSTOL01-US,PACK
4006,PLABL166,Bottle label ECUSTOP01-US,PACK
4011,PLABL167,Amazon Label  ECUSTOA01-US,PACK
4016,PLABL168,Amazon Label  ECUSTOL01-US,PACK
4021,PLABL169,Amazon Label  ECUSTOP01-US,PACK
4026,PLABL170,Ready to ship Seal Stickers,PACK
4031,PLABL171,Labels for FFISO075b120,PACK
4036,PLABL173, Labels for E4020E01,PACK
4040,PLABL174,Labels for E4020L05,PACK
4045,PLABL175,Box label ECUSTOA01-CAN (BACK),PACK
4050,PLABL176,Box label ECUSTOP01-CAN (BACK),PACK
4055,PLABL177,Box Label ECUSTO*-CAN (FRONT),PACK
4060,PLABL178,Box label ECUSTOL01-CAN (BACK),PACK
4065,PLABL179,Bottle label  ECUSTOL01-CAN,PACK
4070,PLABL180,Bottle label  ECUSTOA01-CAN,PACK
4075,PLABL181,Bottle label  ECUSTOP01-CAN,PACK
4080,PLABL185,Labels for E4020P01,PACK
4085,PLABL186,Labels for E5075O01,PACK
4090,PLABL187,Labels for (E1812R01s),PACK
4095,PLABL189,Labels for ECUSTOU01,PACK
4099,PLABL191,Labels for (FKRLO023f63),PACK
4104,PLABL192,Labels for (E4020P02),PACK
4109,PP004B01,4L Closed Head Steel Pail,PACK
4114,PP005W01,"Pail 5 US Gal, White",PACK
4119,PP005W01L,"Pail 5 US Gal, Grey",PACK
4124,PP006W01,"Pail 6 US Gal, White",PACK
4129,PP006W01L,"Pail 6 US Gal, White",PACK
4134,PP015B01,"Drum, Metal, 15 gallons, Black",PACK
4139,PP025B01,"Drum, Metal, 25 Liters, Gray",PACK
4144,PP025B01S,FLEXSPOUT Plastic /Steel Pails,PACK
4149,PP025B01T,Crimping Tool for 25 Liters,PACK
4154,PP030B01,"Drum, Steel, 30L, Black",PACK
4158,PP190B01,"Drum, metal, 208 liters, white",PACK
4163,PPBAG001,4mil Polybag 5x12,PACK
4168,PPBAG002,1mil Polybag 6x12,PACK
4173,PPCAP001,Cap Seal 3/4'' for 190kg Drum,PACK
4178,PPCAP002,Cap Seal 2'' for 190kg Drum,PACK
4183,PPROO001,Digital Proof,PACK
4188,PPUMP001,"Plastic Pump, 33mm - 1oz",PACK
4193,PPUMP002,Plastic Pump for PBOTT036,PACK
4198,PPUMP003,White Pump 28-400 1 oz,PACK
4203,PPUMP004,8oz bottle Pump (0.5cc),PACK
4208,PPVALV01,Starcraft Valve Assembly,PACK
4213,PRODUCTION_ON_HOLD,PRODUCTION ON HOLD,RM
4217,PSTDM001,"Steel Drum, 16 Gallon  (Lined)",PACK
4222,PTRADESHOW,Trade Show crate,PACK
4227,PWRAP000,Shrink Wrap Bottles per 6,PACK
4232,PWRAP001,Shrink Band,PACK
4237,PWRAP002,Shrink Band,PACK
4242,PWRAP003,Shrink Band,PACK
4247,PWRAP004,Shrink Band,PACK
4252,PWRAP005,Shrink Band,PACK
4257,PWRAP006,"Shrink 52mm*500M, Clear, perf",PACK
4262,PWRAP006C,"Shrink (52mmx35mm) Clear, perf",PACK
4267,PWRAP006R,"Shrink 52mm Clear, perf",PACK
4272,PWRAP007,Shrink Band,PACK
4276,PWRAP008,Shrink Band,PACK
4281,PWRAP009,Shrink Band 46mm x 25mm,PACK
4286,PWRAP011,Shrink Band,PACK
4291,PWRAP012,Shrink Band,PACK
4296,PWRAP013,Shrink Band 79mmx22mm,PACK
4301,PWRAP014,Shrink Band,PACK
4306,PWRAP015,Shrink Band,PACK
4311,PWRAP016,Shrink Band,PACK
4316,PWRAP017,Shrink Band( 52mmx35mm) IFOS,PACK
4321,PWRAP017C,Shrink Band( 52mmx35mm) IFOS,PACK
4326,PWRAP018,Shrink band (120-70),PACK
4331,PWRAP019,Shrink Band 2 oz (60ml.),PACK
4335,PWRAP020,Shrink Band for bottle BOTT032,PACK
4340,PWRAP021,Shrink Band (54 mmx 35mm),PACK
4345,PWRAP022,Shrink band (38mm x 25mm),PACK
4350,PWRAP023,Shrink band (38mm x 25mm) BIL,PACK
4355,PWRAP024,Clear Shrink band 58mm x 23mm,PACK
4360,PWRAP025,Shrink band (52mm x 35mm)Black,PACK
4365,RALAP001,Alpha Lipoic Acid Powder,RM
4370,RALDP001,Black Alder Powder,RM
4375,RALGO002,Algae DHA-S 35% Oil,RM
4380,RALGO003,Algal Oil 40% DHA,RM
4385,RALMO001,Sweet Almond Oil,RM
4390,RALOO001,Aloe Vera Oil Extract,RM
4394,RALOP001,Aloe Leaf Powder,RM
4399,RASCP002,Ascorbyl Palmitate NF Grade,RM
4404,RASTO001,Astaxanthin 10%,RM
4409,RASTO002,Astaxanthin 5% Marigold,RM
4414,RASTO003,Astaxanthin 5% Algae -CA,RM
4419,RASTO004,Astaxanthin 1% Oleoresin,RM
4424,RASWP001,Aswaghanda powder extract,RM
4429,RBCAO001,Beta Carotene (VitA) 70% Corn,RM
4434,RBCAO002,Beta Carotene (VitA) 30%,RM
4439,RBCAO003,Beta Carotene (VitA) Betatene,RM
4444,RBCAO004,Beta-Carotene 30% Olive oil,RM
4449,RBCRO001,Black Currant Oil,RM
4453,RBCUO001,Black Cumin Oil - Refined,RM
4458,RBCUO003,Black Cumin Oil Certified,RM
4463,RBEES001,Yellow Beeswax - pellets,RM
4468,RBIOP001,Biotin,RM
4472,RBIOP001,Biotin,RM
4476,RBIOP001,Biotin,RM
4480,RBIOP001,Biotin,RM
4484,RBIOP001,Biotin,RM
4489,RBORO001,"Borage Oil 20%, Unrefined",RM
4494,RBORO002,Borage Oil Certified Organic,RM
4499,RBORO003,Borage Oil CP Refined 20%,RM
4501,,,
4502,,,
4503,,,
4504,RBORO004,"Borage Oil 22%, unrefined",RM
4505,,,
4506,,,
4507,,,
4508,,,
4509,RBORP001,Borage Oil Powder,RM
4510,,,
4511,,,
4512,,,
4513,RBOSP001,Boswella Resin PE 65%,RM
4514,,,
4515,,,
4516,,,
4517,,,
4518,RBSFO002,Sea Buckthorn Fruit Oil,RM
4519,,,
4520,,,
4521,,,
4522,,,
4523,RCAMO001,Camelina Oil,RM
4524,,,
4525,,,
4526,,,
4527,,,
4528,RCAMO002,Camelina Oil Certified Organic,RM
4529,,,
4530,,,
4531,,,
4532,,,
4533,RCAMO003,Camelina Oil Unfiltered,RM
4534,,,
4535,,,
4536,,,
4537,,,
4538,RCAMO004,Camelina Sativa Seed Oil,RM
4539,,,
4540,,,
4541,,,
4542,,,
4543,RCAMS001,"Camelina Seed, conventional",RM
4544,,,
4545,,,
4546,,,
4547,,,
4548,RCARO001,Caraway oil,RM
4549,,,
4550,,,
4551,,,
4552,,,
4553,RCAROB01,,RM
4554,,,
4555,,,
4556,,,
4557,RCAROB01,,RM
4558,,,
4559,,,
4560,,,
4561,RCAROB01,,RM
4562,,,
4563,,,
4564,,,
4565,RCAROB01,,RM
4566,,,
4567,,,
4568,,,
4569,RCAROB01,,RM
4570,,,
4571,,,
4572,,,
4573,RCARP001,L-Acetyl Carnitine,RM
4574,,,
4575,,,
4576,,,
4577,,,
4578,RCARP001-80M,L-Acetyl Carnitine -80Mesh,RM
4579,,,
4580,,,
4581,,,
4582,,,
4583,RCARP002,Carnitine Propionyl,RM
4584,,,
4585,,,
4586,,,
4587,,,
4588,RCARP002-80M,Carnitine Propionyl - 80 Mesh,RM
4589,,,
4590,,,
4591,,,
4592,,,
4593,RCARP003,L-Carnitine Fumarate,RM
4594,,,
4595,,,
4596,,,
4597,,,
4598,RCHIO001,Chia Oil,RM
4599,,,
4600,,,
4601,,,
4602,,,
4603,RCIAP001,Citric Acid powder,RM
4604,,,
4605,,,
4606,,,
4607,,,
4608,RCLAO001,Conjugated Linoleic Acid,RM
4609,,,
4610,,,
4611,,,
4612,,,
4613,RCLAO005,CLA 95% Oil,RM
4614,,,
4615,,,
4616,,,
4617,,,
4618,RCLAO006,Safflower CLA Tonalin 80%,RM
4619,,,
4620,,,
4621,,,
4622,,,
4623,RCLAO007,Safflower CLA 80% TG,RM
4624,,,
4625,,,
4626,,,
4627,,,
4628,RCOCO001,Coconut Oil Organic RBD,RM
4629,,,
4630,,,
4631,,,
4632,RCOCO002,Coconut Oil Organic,RM
4633,,,
4634,,,
4635,,,
4636,,,
4637,RCODO001,CLO Oil 1000 IU A and 100 IU D,RM
4638,,,
4639,,,
4640,,,
4641,,,
4642,RCODO001I,Cod Liver Oil 1000 IU Vit A,RM
4643,,,
4644,,,
4645,,,
4646,,,
4647,RCODO002,Cod Liver Oil 2500 IU Vit A,RM
4648,,,
4649,,,
4650,,,
4651,,,
4652,RCODO003,Cod Liver Oil 1250 IU Vit A,RM
4653,,,
4654,,,
4655,,,
4656,,,
4657,RCODO005,Cod Oil 1000 IU A and 100 IU D,RM
4658,,,
4659,,,
4660,,,
4661,,,
4662,RCODO006,Cod Liver Oil,RM
4663,,,
4664,,,
4665,,,
4666,,,
4667,RCODO007,Cod Liver Oil 264VitA 44VitD,RM
4668,,,
4669,,,
4670,,,
4671,,,
4672,RCORO001,Coriander oil,RM
4673,,,
4674,,,
4675,,,
4676,,,
4677,RCQ10001,Co Enzyme Q10,RM
4678,,,
4679,,,
4680,,,
4681,,,
4682,RCQ10002,Kaneka QH Ubiquinol,RM
4683,,,
4684,,,
4685,,,
4686,RCQ10002,Kaneka QH Ubiquinol,RM
4687,,,
4688,,,
4689,,,
4690,RCQ10003,,RM
4691,,,
4692,,,
4693,,,
4694,,,
4695,RCRBO001,Cranberry oil Certified,RM
4696,,,
4697,,,
4698,,,
4699,,,
4700,RCREP001,Cranberry Extract  25:1,RM
4701,,,
4702,,,
4703,,,
4704,,,
4705,RCURCP001,Curcumin Powder extract,RM
4706,,,
4707,,,
4708,,,
4709,,,
4710,REPOO001,Evening Primrose Oil 10%,RM
4711,,,
4712,,,
4713,,,
4714,,,
4715,REPOO002,Evening Primrose Oil Certified,RM
4716,,,
4717,,,
4718,,,
4719,,,
4720,REPOO003,Evening Primrose Oil 9%,RM
4721,,,
4722,,,
4723,,,
4724,,,
4725,REPOO004,Evening Primrose Oil Eco 9%,RM
4726,,,
4727,,,
4728,,,
4729,,,
4730,RFENO001,Fennel oil,RM
4731,,,
4732,,,
4733,,,
4734,,,
4735,RFISO001,Fish Oil 100/400EE,RM
4736,,,
4737,,,
4738,,,
4739,,,
4740,RFISO002,Fish Oil 300/200TG,RM
4741,,,
4742,,,
4743,,,
4744,,,
4745,RFISO003,Fish Oil 18/12TG,RM
4746,,,
4747,,,
4748,,,
4749,RFISO004,Fish Oil 300/200EE,RM
4750,,,
4751,,,
4752,,,
4753,,,
4754,RFISO005,Fish Oil 400/200EE,RM
4755,,,
4756,,,
4757,,,
4758,,,
4759,RFISO009,Fish Oil 36/24EE,RM
4760,,,
4761,,,
4762,,,
4763,,,
4764,RFISO010,Fish Oil 200/600EE,RM
4765,,,
4766,,,
4767,,,
4768,,,
4769,RFISO012,Fish Oil 500/90EE,RM
4770,,,
4771,,,
4772,,,
4773,,,
4774,RFISO013,Fish Oil 400 200 TG FOS,RM
4775,,,
4776,,,
4777,,,
4778,,,
4779,RFISO015,Fish Oil 18/12EE,RM
4780,,,
4781,,,
4782,,,
4783,,,
4784,RFISO019,Fish Oil 650/100EE CO2,RM
4785,,,
4786,,,
4787,,,
4788,,,
4789,RFISO023,Fish Oil 500/250EE,RM
4790,,,
4791,,,
4792,,,
4793,,,
4794,RFISO027,Fish Oil 650/100EE,RM
4795,,,
4796,,,
4797,,,
4798,,,
4799,RFISO029,Fish Oil 600/200EE,RM
4800,,,
4801,,,
4802,,,
4803,,,
4804,RFISO030,Fish Oil 360/240EE,RM
4805,,,
4806,,,
4807,,,
4808,RFISO031,Fish Oil 600/300EE HPLC,RM
4809,,,
4810,,,
4811,,,
4812,,,
4813,RFISO032,Fish Oil 300/600EE HPLC,RM
4814,,,
4815,,,
4816,,,
4817,,,
4818,RFISO033,Fish Oil 55/600EE,RM
4819,,,
4820,,,
4821,,,
4822,,,
4823,RFISO034,Fish Oil 400/200EE (MSC),RM
4824,,,
4825,,,
4826,,,
4827,,,
4828,RFISO037,Fish Oil 600 DHA EE SFC (CO2),RM
4829,,,
4830,,,
4831,,,
4832,,,
4833,RFISO038,Fish Oil 825 EPA EE (CO2),RM
4834,,,
4835,,,
4836,,,
4837,,,
4838,RFISO039,Fish Oil 400/200TG MSC,RM
4839,,,
4840,,,
4841,,,
4842,,,
4843,RFISO040,Fish Oil 300/200EE (MSC),RM
4844,,,
4845,,,
4846,,,
4847,,,
4848,RFISO041,Fish Oil 30% EE,RM
4849,,,
4850,,,
4851,,,
4852,,,
4853,RFISO042,Fish Oil 500/200EE,RM
4854,,,
4855,,,
4856,,,
4857,,,
4858,RFISO043,Fish Oil 10/50TG (%),RM
4859,,,
4860,,,
4861,,,
4862,,,
4863,RFISO044,Provinal Omega 7 ethyl esther,RM
4864,,,
4865,,,
4866,,,
4867,RFISO045,Fish Oil 500/200TG,RM
4868,,,
4869,,,
4870,,,
4871,,,
4872,RFISO046,Fish Oil 565/285EE,RM
4873,,,
4874,,,
4875,,,
4876,,,
4877,RFISO047,Fish oil 400/200EE - FOS NC,RM
4878,,,
4879,,,
4880,,,
4881,,,
4882,RFISO048,Fish oil 300/200EE - FOS Cert,RM
4883,,,
4884,,,
4885,,,
4886,,,
4887,RFISO049,Fish 650/100EE CO2 - FOS Cert,RM
4888,,,
4889,,,
4890,,,
4891,,,
4892,RFISO050,Fish 10/50EE (noTuna)-FOS Cert,RM
4893,,,
4894,,,
4895,,,
4896,,,
4897,RFISO051,Fish 825EPAEE SFC - FOS Cert,RM
4898,,,
4899,,,
4900,,,
4901,,,
4902,RFISO052,Fish oil 10/50TG (non Tuna),RM
4903,,,
4904,,,
4905,,,
4906,,,
4907,RFISO053,Fish 800MG w/Curcumin & Toco,RM
4908,,,
4909,,,
4910,,,
4911,,,
4912,RFISO054,Fish Oil 600 DHA EE SFC FOS,RM
4913,,,
4914,,,
4915,,,
4916,,,
4917,RFISO055,Fish Oil 150/500EE,RM
4918,,,
4919,,,
4920,,,
4921,,,
4922,RFISO056,Fish oil 600MG w/Curcu. & Toco,RM
4923,,,
4924,,,
4925,,,
4926,RFISO057,Fish oil 450/200 MG,RM
4927,,,
4928,,,
4929,,,
4930,,,
4931,RFISO058,Fish oil 60-03 EE,RM
4932,,,
4933,,,
4934,,,
4935,,,
4936,RFISO059,Fish Oil 500/200 EE non-GMO,RM
4937,,,
4938,,,
4939,,,
4940,RFISO059,Fish Oil 500/200 EE non-GMO,RM
4941,,,
4942,,,
4943,,,
4944,,,
4945,RFISO060,Fish Oil 20/50 EE,RM
4946,,,
4947,,,
4948,,,
4949,,,
4950,RFISO061,Cephalopada marine oil 100/400,RM
4951,,,
4952,,,
4953,,,
4954,,,
4955,RFISO062,Fish oil 60-03 EE,RM
4956,,,
4957,,,
4958,,,
4959,,,
4960,RFISO063,Fish Oil 18-12 TG FOS,RM
4961,,,
4962,,,
4963,,,
4964,,,
4965,RFISO064,Fish Oil 420/140 TG,RM
4966,,,
4967,,,
4968,,,
4969,,,
4970,RFISO066,Fish Oil 100/400EE-FOS,RM
4971,,,
4972,,,
4973,,,
4974,,,
4975,RFISO067,Fish oil 500/200 MG,RM
4976,,,
4977,,,
4978,,,
4979,,,
4980,RFISO068,Fish oil 500/60 TG,RM
4981,,,
4982,,,
4983,,,
4984,RFISO069,Fish Oil 500/100 TG,RM
4985,,,
4986,,,
4987,,,
4988,,,
4989,RFLVN003,Natural Lemon Flavor,RM
4990,,,
4991,,,
4992,,,
4993,,,
4994,RFLVN004,Nat Sweet Orange Flavor,RM
4995,,,
4996,,,
4997,,,
4998,,,
4999,RFLVN005,Natural Orange Creamsicle,RM
5000,,,
5001,,,
5002,,,
5003,,,
5004,RFLVN006,Thyme Oil FCC,RM
5005,,,
5006,,,
5007,,,
5008,,,
5009,RFLVN007,Natural Tangerine Lime Flavor,RM
5010,,,
5011,,,
5012,,,
5013,,,
5014,RFLVN008,Natural Tropical Punch Flavor,RM
5015,,,
5016,,,
5017,,,
5018,,,
5019,RFLVN009,Natural Peppermint Oil,RM
5020,,,
5021,,,
5022,,,
5023,,,
5024,RFLVN010,Natural Lemon Lime,RM
5025,,,
5026,,,
5027,,,
5028,,,
5029,RFLVN012,Natural Cran-Raspberry Flavor,RM
5030,,,
5031,,,
5032,,,
5033,,,
5034,RFLVN014,Natural Strawberry Flavor,RM
5035,,,
5036,,,
5037,,,
5038,,,
5039,RFLVN016,Natural Strawberry Cream,RM
5040,,,
5041,,,
5042,,,
5043,RFLVN021,Natural Lemonade Flavor,RM
5044,,,
5045,,,
5046,,,
5047,,,
5048,RFLVN023,Natural Raspberry Flavor,RM
5049,,,
5050,,,
5051,,,
5052,,,
5053,RFLVN024,Natural Lime Flavor,RM
5054,,,
5055,,,
5056,,,
5057,,,
5058,RFLVN025,Natural Pineapple Flavor,RM
5059,,,
5060,,,
5061,,,
5062,,,
5063,RFLVN026,Natural Coconut Flavor,RM
5064,,,
5065,,,
5066,,,
5067,,,
5068,RFLVN027,Natural Mango Flavor,RM
5069,,,
5070,,,
5071,,,
5072,,,
5073,RFLVN028,Orange Essential Oil,RM
5074,,,
5075,,,
5076,,,
5077,,,
5078,RFLVN029,Natural Cotton Candy Flavor,RM
5079,,,
5080,,,
5081,,,
5082,,,
5083,RFLVN030,Natural Maple Flavor,RM
5084,,,
5085,,,
5086,,,
5087,,,
5088,RFLVN031,Natural Vanilla Flavor,RM
5089,,,
5090,,,
5091,,,
5092,,,
5093,RFLVN032,Natural Raspberry (New),RM
5094,,,
5095,,,
5096,,,
5097,,,
5098,RFLVN033,Natural Lemon Flavor (Unicaps),RM
5099,,,
5100,,,
5101,,,
5102,RFLVN034,Natural Ginger NIT0001705,RM
5103,,,
5104,,,
5105,,,
5106,,,
5107,RFLVN035,Natural Fish flavor,RM
5108,,,
5109,,,
5110,,,
5111,,,
5112,RFLVN036,Natural Cherry Flavor,RM
5113,,,
5114,,,
5115,,,
5116,,,
5117,RFLVN037,Natural Chocolate Flavor #7775,RM
5118,,,
5119,,,
5120,,,
5121,,,
5122,RFLVN038,Natural Chocolate Flavor #7104,RM
5123,,,
5124,,,
5125,,,
5126,,,
5127,RFLVN039,Natural Key Lime Flavor,RM
5128,,,
5129,,,
5130,,,
5131,,,
5132,RFLVN040,Natural Grapefruit Flavor,RM
5133,,,
5134,,,
5135,,,
5136,,,
5137,RFLVN041,Natural Lemon Meringue Flavor,RM
5138,,,
5139,,,
5140,,,
5141,,,
5142,RFLVN042,Natural Bubble Gum Flavor,RM
5143,,,
5144,,,
5145,,,
5146,,,
5147,RFLVN043,Nat Chocolate Flav.,RM
5148,,,
5149,,,
5150,,,
5151,,,
5152,RFLVN044,Nat. Grapefruit Flavor 2X,RM
5153,,,
5154,,,
5155,,,
5156,,,
5157,RFLVN045,,RM
5158,,,
5159,,,
5160,,,
5161,RFLVN046,Nat. Green Apple Flavor,RM
5162,,,
5163,,,
5164,,,
5165,,,
5166,RFLVN047,,RM
5167,,,
5168,,,
5169,,,
5170,,,
5171,RFLVN048,,RM
5172,,,
5173,,,
5174,,,
5175,,,
5176,RFLVN049,Nat.Strawb Conc.FLA-014966-V02,RM
5177,,,
5178,,,
5179,,,
5180,,,
5181,RFLVN050,Nat Orange Flavor (BIO),RM
5182,,,
5183,,,
5184,,,
5185,,,
5186,RFLVN051,Nat Lemonade Flavor Reinforced,RM
5187,,,
5188,,,
5189,,,
5190,,,
5191,RFLVN052,Natural Banana Flavor,RM
5192,,,
5193,,,
5194,,,
5195,,,
5196,RFLVN053,Natural Blueberry Flavor,RM
5197,,,
5198,,,
5199,,,
5200,,,
5201,RFLVN054,Natural Espresso Flavor,RM
5202,,,
5203,,,
5204,,,
5205,,,
5206,RFLVN055,Natural Grape flavor,RM
5207,,,
5208,,,
5209,,,
5210,,,
5211,RFLVN056,Natural Cappuccino Flavor,RM
5212,,,
5213,,,
5214,,,
5215,RFLVN056,Natural Cappuccino Flavor,RM
5216,,,
5217,,,
5218,,,
5219,RFLVN056,Natural Cappuccino Flavor,RM
5220,,,
5221,,,
5222,RFLVN056,Natural Cappuccino Flavor,RM
5223,,,
5224,,,
5225,,,
5226,RFLVN056,Natural Cappuccino Flavor,RM
5227,,,
5228,,,
5229,,,
5230,,,
5231,RFLWE001,Flower Pollen Extract,RM
5232,,,
5233,,,
5234,,,
5235,,,
5236,RFLXO001,Flax Seed Oil Conventional,RM
5237,,,
5238,,,
5239,,,
5240,,,
5241,RFLXO002,Flax Seed Oil Certified,RM
5242,,,
5243,,,
5244,,,
5245,,,
5246,RFLXO003,Pure-Flo Flax Oil Certified,RM
5247,,,
5248,,,
5249,,,
5250,,,
5251,RFLXO004,Flax Seed Oil Conventional,RM
5252,,,
5253,,,
5254,,,
5255,,,
5256,RFLXO005,Flax Seed Oil Certified,RM
5257,,,
5258,,,
5259,,,
5260,,,
5261,RFLXO006,Flax Seed Oil Certified,RM
5262,,,
5263,,,
5264,,,
5265,,,
5266,RFOLP001,Folic Acid 10%,RM
5267,,,
5268,,,
5269,,,
5270,,,
5271,RFOLP002,Folic Acid USP,RM
5272,,,
5273,,,
5274,,,
5275,,,
5276,RFRAG005,Fruits de la Passion,RM
5277,,,
5278,,,
5279,,,
5280,RFRAG006,Fragrance Aquaflora,RM
5281,,,
5282,,,
5283,,,
5284,,,
5285,RFRAG010,Fragrance #10 Pomelo-Vanille,RM
5286,,,
5287,,,
5288,,,
5289,,,
5290,RFRAG011,Mure Sauvage,RM
5291,,,
5292,,,
5293,,,
5294,,,
5295,RFRAG012,Fragrance Oriza - Bath Beads,RM
5296,,,
5297,,,
5298,,,
5299,,,
5300,RFRAG015,Fragrance # 15 Fleur de Coton,RM
5301,,,
5302,,,
5303,,,
5304,,,
5305,RFRAG017,Fragrance #17- Komyo,RM
5306,,,
5307,,,
5308,,,
5309,,,
5310,RFRAG018,Pois de Senteur,RM
5311,,,
5312,,,
5313,,,
5314,,,
5315,RFRAG020,Fragrance Poire - Bath Beads,RM
5316,,,
5317,,,
5318,,,
5319,,,
5320,RFRAG021,Fragrance Pitaya - Bath Beads,RM
5321,,,
5322,,,
5323,,,
5324,,,
5325,RFRAG022,,RM
5326,,,
5327,,,
5328,,,
5329,,,
5330,RFRAG024,Fragrance Mirabella-Bath Beads,RM
5331,,,
5332,,,
5333,,,
5334,,,
5335,RGIGP001,Ginger Root extract 5% WS,RM
5336,,,
5337,,,
5338,,,
5339,RGINO001,Ginger root oil,RM
5340,,,
5341,,,
5342,,,
5343,,,
5344,RGINP001,American Ginseng root extract,RM
5345,,,
5346,,,
5347,,,
5348,,,
5349,RGLCP001,Glucosamine Sulfate 2KCl,RM
5350,,,
5351,,,
5352,,,
5353,,,
5354,RGLUP001,L-Glutamine Powder,RM
5355,,,
5356,,,
5357,,,
5358,,,
5359,RGRPO001,Grape Seed Oil,RM
5360,,,
5361,,,
5362,,,
5363,,,
5364,RGRTE001,Green Tea Ext. (Sunkatol No1),RM
5365,,,
5366,,,
5367,,,
5368,,,
5369,RGRTE002,Green Tea Extract (oil),RM
5370,,,
5371,,,
5372,,,
5373,,,
5374,RHEMO001,Organic Hemp seed oil,RM
5375,,,
5376,,,
5377,,,
5378,,,
5379,RHROO001,Herring Roe 30% Natural,RM
5380,,,
5381,,,
5382,,,
5383,,,
5384,RIFOS,Needs to be IFOS 5 star,RM
5385,,,
5386,,,
5387,,,
5388,,,
5389,RKRLO001,Krill Oil NKO,RM
5390,,,
5391,,,
5392,,,
5393,,,
5394,RKRLO002,Krill Oil EKO,RM
5395,,,
5396,,,
5397,,,
5398,RKRLO003,Krill Oil Superba,RM
5399,,,
5400,,,
5401,,,
5402,,,
5403,RKRLO004,Krill Oil 12:6,RM
5404,,,
5405,,,
5406,,,
5407,,,
5408,RKRLO005,Krill Oil NKO,RM
5409,,,
5410,,,
5411,,,
5412,,,
5413,RKRLO006,Krill Oil NKO Omega Plus,RM
5414,,,
5415,,,
5416,,,
5417,,,
5418,RKRLO007,PL42 Krill oil,RM
5419,,,
5420,,,
5421,,,
5422,,,
5423,RKRLO008,Krill Oil Superba 2,RM
5424,,,
5425,,,
5426,,,
5427,RKRLO008,Krill Oil Superba 2,RM
5428,,,
5429,,,
5430,,,
5431,RKRLO008,Krill Oil Superba 2,RM
5432,,,
5433,,,
5434,,,
5435,RKRLO008,Krill Oil Superba 2,RM
5436,,,
5437,,,
5438,,,
5439,RKRLO008,Krill Oil Superba 2,RM
5440,,,
5441,,,
5442,,,
5443,,,
5444,RKRLO009,Krill Oil 100% Pure NKO,RM
5445,,,
5446,,,
5447,,,
5448,RKRLO009,Krill Oil 100% Pure NKO,RM
5449,,,
5450,,,
5451,,,
5452,RKRLO009,Krill Oil 100% Pure NKO,RM
5453,,,
5454,,,
5455,,,
5456,RKRLO009,Krill Oil 100% Pure NKO,RM
5457,,,
5458,,,
5459,RKRLO009,Krill Oil 100% Pure NKO,RM
5460,,,
5461,,,
5462,,,
5463,,,
5464,RKRLP001,Krill oil 70 EPA/DHA Powder,RM
5465,,,
5466,,,
5467,,,
5468,,,
5469,RLECO001,Lecithin Unbleached,RM
5470,,,
5471,,,
5472,,,
5473,,,
5474,RLECO003,Lecithin Lesoy UNB 14%,RM
5475,,,
5476,,,
5477,,,
5478,,,
5479,RLECO005,"Sunflower Lecithin, Giralec",RM
5480,,,
5481,,,
5482,,,
5483,,,
5484,RLEMO001,Lemon Oil,RM
5485,,,
5486,,,
5487,,,
5488,,,
5489,RLEMO002,Lemon Oil,RM
5490,,,
5491,,,
5492,,,
5493,,,
5494,RLIPP001,"Fungal Lipase 80,000 FCC VII",RM
5495,,,
5496,,,
5497,,,
5498,,,
5499,RLIPP002,Fungal Lipase 10000 FIP per g,RM
5500,,,
5501,,,
5502,,,
5503,,,
5504,RLIPP003,Fungal Lipase Rhizopus Oryzae,RM
5505,,,
5506,,,
5507,,,
5508,,,
5509,RLUTO002,Lutein (free) 20% in Safflower,RM
5510,,,
5511,,,
5512,,,
5513,,,
5514,RLUTO003,Lutemax 2020 Free OS20%,RM
5515,,,
5516,,,
5517,,,
5518,RLUTO004,Lutein (Flora Glo),RM
5519,,,
5520,,,
5521,,,
5522,RLUTO004,Lutein (Flora Glo),RM
5523,,,
5524,,,
5525,,,
5526,RLUTO004,Lutein (Flora Glo),RM
5527,,,
5528,,,
5529,,,
5530,RLUTO004,Lutein (Flora Glo),RM
5531,,,
5532,,,
5533,,,
5534,RLUTO004,Lutein (Flora Glo),RM
5535,,,
5536,,,
5537,,,
5538,,,
5539,RLYCO001,Lycopene 10% FS liquid,RM
5540,,,
5541,,,
5542,,,
5543,,,
5544,RLYCP001,Lycopene 10% FS powder milled,RM
5545,,,
5546,,,
5547,,,
5548,,,
5549,RMAXO001,MaxSimil 500/200MG,RM
5550,,,
5551,,,
5552,,,
5553,,,
5554,RMAXO002,MaxSimil 400/200 Esterified,RM
5555,,,
5556,,,
5557,,,
5558,,,
5559,RMCTO001,MCT Oil,RM
5560,,,
5561,,,
5562,,,
5563,,,
5564,RMCTO002,Coconut MCT Oil Organic,RM
5565,,,
5566,,,
5567,,,
5568,RMCTO002,Coconut MCT Oil Organic,RM
5569,,,
5570,,,
5571,,,
5572,RMCTO002,Coconut MCT Oil Organic,RM
5573,,,
5574,,,
5575,,,
5576,RMCTO002,Coconut MCT Oil Organic,RM
5577,,,
5578,,,
5579,RMCTO002,Coconut MCT Oil Organic,RM
5580,,,
5581,,,
5582,,,
5583,,,
5584,RMECP001,Methylcobalamin,RM
5585,,,
5586,,,
5587,,,
5588,,,
5589,RMGCP001,Magnesium Citrate (14.5% Mg),RM
5590,,,
5591,,,
5592,,,
5593,,,
5594,RMGSP001,Magnesium Sulfate,RM
5595,,,
5596,,,
5597,,,
5598,,,
5599,RMINO001,Mineral Oil,RM
5600,,,
5601,,,
5602,,,
5603,,,
5604,RMOMP002,Momordica 50%  Mogroside V,RM
5605,,,
5606,,,
5607,,,
5608,,,
5609,RNETE001,Nettle Root Extract P.E. 20:1,RM
5610,,,
5611,,,
5612,,,
5613,,,
5614,RNETE002,Nettle Root PE 0.8% Sterols,RM
5615,,,
5616,,,
5617,,,
5618,,,
5619,RNIAP001,Niacin USP,RM
5620,,,
5621,,,
5622,,,
5623,,,
5624,ROLEP001,Olive Leaf 20% Oleuropein,RM
5625,,,
5626,,,
5627,,,
5628,,,
5629,ROLEP002,Olive extract Arthricor powder,RM
5630,,,
5631,,,
5632,,,
5633,,,
5634,ROLVO001,Olive Oil Extra Virgin,RM
5635,,,
5636,,,
5637,,,
5638,ROLVO003,"Olive Oil, EV Certified",RM
5639,,,
5640,,,
5641,,,
5642,,,
5643,RPAMO001,Palm Fruit Oil,RM
5644,,,
5645,,,
5646,,,
5647,,,
5648,RPEPO001,Peppermint oil,RM
5649,,,
5650,,,
5651,,,
5652,,,
5653,RPHCO001,Phosphatidyl Choline 53% Oil,RM
5654,,,
5655,,,
5656,,,
5657,,,
5658,RPHCP001,Phosphatidyl Choline 40%,RM
5659,,,
5660,,,
5661,,,
5662,,,
5663,RPHSO001,Phosphatidyl Serine 30% Oil,RM
5664,,,
5665,,,
5666,,,
5667,,,
5668,RPHYO002,Phyto Sterol Ester,RM
5669,,,
5670,,,
5671,,,
5672,,,
5673,RPHYO003,PhytoSterol E 900mg/g,RM
5674,,,
5675,,,
5676,,,
5677,,,
5678,RPHYP002,Phytosterol S80 non-GMO,RM
5679,,,
5680,,,
5681,,,
5682,,,
5683,RPHYP003,Phytosterol 98%,RM
5684,,,
5685,,,
5686,,,
5687,,,
5688,RPOLP001,Policosanol (60% Octacosanol),RM
5689,,,
5690,,,
5691,,,
5692,,,
5693,RPOLY080,Polysorbate 80,RM
5694,,,
5695,,,
5696,,,
5697,RPOMO001,Pomegranate Seed Oil Refined,RM
5698,,,
5699,,,
5700,,,
5701,,,
5702,RPRLO001,Perilla Seed Oil,RM
5703,,,
5704,,,
5705,,,
5706,RPRLO001,Perilla Seed Oil,RM
5707,,,
5708,,,
5709,,,
5710,,,
5711,RPROBP01,Oralin 350G,RM
5712,,,
5713,,,
5714,,,
5715,,,
5716,RPSOO001,Pumpkin Seed Oil,RM
5717,,,
5718,,,
5719,,,
5720,,,
5721,RPSOO002,Pumpkin Seed Oil Certified,RM
5722,,,
5723,,,
5724,,,
5725,,,
5726,RPYGE001,Pygeum Africanum Extract,RM
5727,,,
5728,,,
5729,,,
5730,,,
5731,RPYRP001,Pyridoxal-5-Phosphate,RM
5732,,,
5733,,,
5734,,,
5735,,,
5736,RRESP001,Resveratrol PE 98%,RM
5737,,,
5738,,,
5739,,,
5740,,,
5741,RRICO001,Rice Oil,RM
5742,,,
5743,,,
5744,,,
5745,,,
5746,RRICO002,Rice Bran Oil,RM
5747,,,
5748,,,
5749,,,
5750,,,
5751,RRMYO001,Rosemary Leaf Extract,RM
5752,,,
5753,,,
5754,,,
5755,RSAFO001,Safflower Oil High Oleic,RM
5756,,,
5757,,,
5758,,,
5759,,,
5760,RSAFO002,Safflower Oil 40% GLA,RM
5761,,,
5762,,,
5763,,,
5764,,,
5765,RSAFO003,Safflower Oil H-Lino Certified,RM
5766,,,
5767,,,
5768,,,
5769,,,
5770,RSAFO004,Safflower Oil HO Certified,RM
5771,,,
5772,,,
5773,,,
5774,,,
5775,RSALO001,Salmon Oil,RM
5776,,,
5777,,,
5778,,,
5779,,,
5780,RSALO002,Salmon Oil 70%,RM
5781,,,
5782,,,
5783,,,
5784,,,
5785,RSALO003,Wild Alaskan Salmon Oil,RM
5786,,,
5787,,,
5788,,,
5789,,,
5790,RSANO001,Star Anise oil,RM
5791,,,
5792,,,
5793,,,
5794,,,
5795,RSBFO002,Sea Buckthorn Fruit Oil,RM
5796,,,
5797,,,
5798,,,
5799,,,
5800,RSELO001,Selenomethionine 0.5%,RM
5801,,,
5802,,,
5803,,,
5804,,,
5805,RSESP001,Sesame P.E. 60% Sesamin,RM
5806,,,
5807,,,
5808,,,
5809,,,
5810,RSORO080,S-Maz 80 K,RM
5811,,,
5812,,,
5813,,,
5814,RSPOO001,Saw Palmetto Oil,RM
5815,,,
5816,,,
5817,,,
5818,,,
5819,RSTVE001,Stevia PE 90% Steviosides,RM
5820,,,
5821,,,
5822,,,
5823,,,
5824,RSTVE002,Stevia 98% Reb-A Organic,RM
5825,,,
5826,,,
5827,,,
5828,,,
5829,RSUNO001,Sunflower Oil Certified,RM
5830,,,
5831,,,
5832,,,
5833,,,
5834,RSUNO003,Sunflower Oil Organic,RM
5835,,,
5836,,,
5837,,,
5838,,,
5839,RTARO001,Tarragon oil,RM
5840,,,
5841,,,
5842,,,
5843,,,
5844,RTAUP001,Taurine,RM
5845,,,
5846,,,
5847,,,
5848,,,
5849,RTDS,TDS Specific WO,RM
5850,,,
5851,,,
5852,,,
5853,,,
5854,RTUNO001,Tuna Oil,RM
5855,,,
5856,,,
5857,,,
5858,,,
5859,RTUNO002,Super DHA Orange Flavored,RM
5860,,,
5861,,,
5862,,,
5863,,,
5864,RTURP001,Turmeric 95% Powder,RM
5865,,,
5866,,,
5867,,,
5868,,,
5869,RTURP002,BCM 95 Curcumin,RM
5870,,,
5871,,,
5872,,,
5873,RVAPO001,Vitamin A Palmitate 1.7Miu/g,RM
5874,,,
5875,,,
5876,,,
5877,,,
5878,RVB12001,Vitamin B12 1%,RM
5879,,,
5880,,,
5881,,,
5882,,,
5883,RVB1P001,Vitamin B1 Thiamine Mono,RM
5884,,,
5885,,,
5886,,,
5887,,,
5888,RVB6P001,Vitamin B6 Pyridoxine HCL,RM
5889,,,
5890,,,
5891,,,
5892,,,
5893,RVDCO001,Vitamin D3 in Soybean Oil,RM
5894,,,
5895,,,
5896,,,
5897,,,
5898,RVDCO002,Vitamin D3 in Corn Oil,RM
5899,,,
5900,,,
5901,,,
5902,,,
5903,RVDCO003,"Vitamin D3,  1 million IU in",RM
5904,,,
5905,,,
5906,,,
5907,,,
5908,RVEAO001,Vitamin E 1000 IU/g tocopheryl,RM
5909,,,
5910,,,
5911,,,
5912,,,
5913,RVEAO002,VE 1100IU Tocopheryl acetate,RM
5914,,,
5915,,,
5916,,,
5917,,,
5918,RVEAO004,Vitamin E 1360 acetate,RM
5919,,,
5920,,,
5921,,,
5922,,,
5923,RVEAO005,SyntheticVE Tocopheryl Acetate,RM
5924,,,
5925,,,
5926,,,
5927,,,
5928,RVEAP002,Vitamin E Powder 500 IU,RM
5929,,,
5930,,,
5931,,,
5932,RVEAP003,Vitamin E Powder 700IU,RM
5933,,,
5934,,,
5935,,,
5936,,,
5937,RVEMO001,Vitamin E T-70 mixed PCR neg,RM
5938,,,
5939,,,
5940,,,
5941,,,
5942,RVEMO002,Vitamin E T-70 mixed N-GMO,RM
5943,,,
5944,,,
5945,,,
5946,,,
5947,RVEMO002-OU,Vitamin E T-70 mixed N-GMO,RM
5948,,,
5949,,,
5950,,,
5951,,,
5952,RVEMO006,Mixed Tocopherols Non-GMO,RM
5953,,,
5954,,,
5955,,,
5956,,,
5957,RVEMO007,Mixed Tocopherols PCR-Negative,RM
5958,,,
5959,,,
5960,,,
5961,,,
5962,RVEMO008,Vitamin E 70% Gamma,RM
5963,,,
5964,,,
5965,,,
5966,,,
5967,RVEMO010,Vitamin E T-50 mixed,RM
5968,,,
5969,,,
5970,,,
5971,,,
5972,RVEMO011,Mixed Toco Non-GMO (sunflower),RM
5973,,,
5974,,,
5975,,,
5976,,,
5977,RVEMO012,Vitamin E 80% Gamma Tocopherol,RM
5978,,,
5979,,,
5980,,,
5981,,,
5982,RVEMO013,Vitamin E T-90 mixed N-GMO,RM
5983,,,
5984,,,
5985,,,
5986,,,
5987,RVEMP002,Vitamin E Powder 350 IU/g,RM
5988,,,
5989,,,
5990,,,
5991,RVEOO001,Vitamin E 1000 IU/g d-alpha,RM
5992,,,
5993,,,
5994,,,
5995,,,
5996,RVEOO002,Vit E 1000 IU/g d-alpha NonGMO,RM
5997,,,
5998,,,
5999,,,
6000,,,
6001,RVEOO005,Vitamin E 1300 IU/g d-alpha,RM
6002,,,
6003,,,
6004,,,
6005,,,
6006,RVEOO006,Vitamin E 750 IU/g d-alpha,RM
6007,,,
6008,,,
6009,,,
6010,,,
6011,RVEOO007,Vitamin E 800 IU/g d-alpha,RM
6012,,,
6013,,,
6014,,,
6015,,,
6016,RVEOO008,Vitamin E 900 IU/g d-alpha,RM
6017,,,
6018,,,
6019,,,
6020,,,
6021,RVEOO009,Vitamin E800-900IU/g d-alpha,RM
6022,,,
6023,,,
6024,,,
6025,,,
6026,RVESP001,Vitamin E Powder Succinate,RM
6027,,,
6028,,,
6029,,,
6030,,,
6031,RVETO001,Tocotrienol EVNol 50%,RM
6032,,,
6033,,,
6034,,,
6035,,,
6036,RVETO002,Tocotrienol TocoTrol R40,RM
6037,,,
6038,,,
6039,,,
6040,,,
6041,RVETO003,Tocotrienol DVL 50 Palm Oil,RM
6042,,,
6043,,,
6044,,,
6045,,,
6046,RVK2O001,Vitamin K2 MK-7 0.15% in MCT,RM
6047,,,
6048,,,
6049,,,
6050,RWHGO001,Wheat Germ Oil,RM
6051,,,
6052,,,
6053,,,
6054,,,
6055,RWILP001,White Willow Bark Extract,RM
6056,,,
6057,,,
6058,,,
6059,,,
6060,RZINP001,Zinc Oxyde USP,RM
6061,,,
6062,,,
6063,,,
6064,,,
6065,SOUTH-AMERICAN,South American oil Only,RM
6066,B000001,Aluminum,Aluminium
6067,B000003,Produs nou creat incontul mess@my7apps.com,Produs nou creat incontul mess@my7apps.com FR
6068,cod;title_en;title_fr,,
6069,2125,Titlu in engleza,Titlu in romina
6070,210510,Damian,Albu
6071,cod;title_en;title_fr,,
6072,1234,titlu en,titlu vasea
